<application>
  <component name="FileTypeManager" version="17">
    <ignoreFiles list="*$py.class;*.hprof;*.pyc;*.pyo;*.rbc;*.yarb;*~;.DS_Store;.git;.hg;.svn;CVS;__pycache__;_svn;vssver.scc;vssver2.scc;" />
    <extensionMap>
      <mapping pattern="*.js.flow" type="Flow" />
      <mapping pattern="*.js.flow" type="Flow" />
      <mapping ext="pbtxt" type="JSON" />
      <mapping ext="6_on_ubuntu16" type="Markdown" />
      <mapping ext="mat" type="Matlab" />
      <mapping pattern="temp" type="PLAIN_TEXT" />
      <mapping pattern="Makefile" type="PLAIN_TEXT" />
      <mapping pattern="=" type="PLAIN_TEXT" />
      <mapping pattern="log" type="PLAIN_TEXT" />
      <mapping pattern="place-vgg-v2-caffemodel-here" type="PLAIN_TEXT" />
      <mapping pattern="convert_imageset" type="PLAIN_TEXT" />
      <mapping ext="pb" type="PLAIN_TEXT" />
      <mapping ext="prototxt" type="PLAIN_TEXT" />
      <mapping ext="pth" type="PLAIN_TEXT" />
      <mapping ext="ods" type="PLAIN_TEXT" />
      <mapping ext="cmake" type="PLAIN_TEXT" />
      <mapping ext="npy" type="PLAIN_TEXT" />
      <mapping ext="p" type="PLAIN_TEXT" />
      <mapping ext="benw-awesome" type="PLAIN_TEXT" />
      <mapping ext="data" type="PLAIN_TEXT" />
    </extensionMap>
  </component>
</application>