<keymap version="1" name="MyEmacs" parent="Emacs">
  <action id="$Copy">
    <keyboard-shortcut first-keystroke="alt w" />
  </action>
  <action id="$Redo">
    <keyboard-shortcut first-keystroke="shift ctrl z" />
    <keyboard-shortcut first-keystroke="shift alt minus" />
    <keyboard-shortcut first-keystroke="shift ctrl slash" />
  </action>
  <action id="ActivateDebugToolWindow" />
  <action id="ActivateFileTransferToolWindow">
    <keyboard-shortcut first-keystroke="alt 5" />
  </action>
  <action id="ActivateTerminalToolWindow">
    <keyboard-shortcut first-keystroke="alt 8" />
  </action>
  <action id="ActivateVersionControlToolWindow">
    <keyboard-shortcut first-keystroke="alt 9" />
  </action>
  <action id="AddToFavoritesPopup" />
  <action id="AutoIndentLines">
    <keyboard-shortcut first-keystroke="ctrl tab" />
  </action>
  <action id="Back">
    <mouse-shortcut keystroke="button4" />
    <keyboard-shortcut first-keystroke="alt open_bracket" />
    <keyboard-shortcut first-keystroke="alt comma" />
  </action>
  <action id="Build">
    <keyboard-shortcut first-keystroke="ctrl 3" second-keystroke="ctrl 3" />
    <keyboard-shortcut first-keystroke="ctrl f9" />
  </action>
  <action id="CIDR.Lang.Cpp.GenerateDefinitions" />
  <action id="CheckinProject">
    <keyboard-shortcut first-keystroke="f1" />
  </action>
  <action id="Clean">
    <keyboard-shortcut first-keystroke="ctrl 3" second-keystroke="ctrl 2" />
  </action>
  <action id="CollapseSelection" />
  <action id="CommentByBlockComment">
    <keyboard-shortcut first-keystroke="shift alt semicolon" />
  </action>
  <action id="CompareTwoFiles" />
  <action id="Console.Execute">
    <keyboard-shortcut first-keystroke="ctrl m" />
  </action>
  <action id="Console.TableResult.EditValue">
    <keyboard-shortcut first-keystroke="f2" />
    <keyboard-shortcut first-keystroke="alt enter" />
  </action>
  <action id="Console.TableResult.SelectRow" />
  <action id="ContextHelp" />
  <action id="Debug">
    <keyboard-shortcut first-keystroke="ctrl 3" />
  </action>
  <action id="Diff.FocusOppositePane" />
  <action id="Diff.FocusOppositePaneAndScroll" />
  <action id="Diff.ShowDiff" />
  <action id="Diff.ShowSettingsPopup" />
  <action id="DirDiffMenu.SynchronizeDiff" />
  <action id="DuplicatesForm.SendToRight" />
  <action id="EditSelectWordGroup">
    <keyboard-shortcut first-keystroke="shift space" />
  </action>
  <action id="EditSource">
    <keyboard-shortcut first-keystroke="ctrl z" />
  </action>
  <action id="Editor Copy">
    <keyboard-shortcut first-keystroke="alt w" />
  </action>
  <action id="Editor Redo">
    <keyboard-shortcut first-keystroke="shift ctrl slash" />
  </action>
  <action id="EditorChooseLookupItem">
    <keyboard-shortcut first-keystroke="tab" />
  </action>
  <action id="EditorChooseLookupItemDot" />
  <action id="EditorChooseLookupItemReplace">
    <keyboard-shortcut first-keystroke="enter" />
  </action>
  <action id="EditorDeleteLine">
    <keyboard-shortcut first-keystroke="shift ctrl back_space" />
  </action>
  <action id="EditorDeleteToLineEnd">
    <keyboard-shortcut first-keystroke="shift ctrl d" second-keystroke="shift ctrl e" />
  </action>
  <action id="EditorDownWithSelection">
    <keyboard-shortcut first-keystroke="shift ctrl n" />
  </action>
  <action id="EditorDuplicate">
    <keyboard-shortcut first-keystroke="meta d" />
    <keyboard-shortcut first-keystroke="shift ctrl y" />
  </action>
  <action id="EditorEnter">
    <keyboard-shortcut first-keystroke="enter" />
  </action>
  <action id="EditorIndentLineOrSelection">
    <keyboard-shortcut first-keystroke="tab" />
  </action>
  <action id="EditorKillRingSave" />
  <action id="EditorLeftWithSelection">
    <keyboard-shortcut first-keystroke="shift left" />
    <keyboard-shortcut first-keystroke="shift ctrl b" />
  </action>
  <action id="EditorLineEndWithSelection">
    <keyboard-shortcut first-keystroke="shift end" />
    <keyboard-shortcut first-keystroke="shift ctrl e" />
  </action>
  <action id="EditorLineStart">
    <keyboard-shortcut first-keystroke="home" />
    <keyboard-shortcut first-keystroke="ctrl a" />
  </action>
  <action id="EditorLineStartWithSelection">
    <keyboard-shortcut first-keystroke="shift home" />
    <keyboard-shortcut first-keystroke="shift ctrl a" />
  </action>
  <action id="EditorMoveDownAndScroll">
    <keyboard-shortcut first-keystroke="alt j" />
  </action>
  <action id="EditorMoveDownAndScrollWithSelection">
    <keyboard-shortcut first-keystroke="shift alt j" />
  </action>
  <action id="EditorMoveUpAndScroll">
    <keyboard-shortcut first-keystroke="alt k" />
  </action>
  <action id="EditorMoveUpAndScrollWithSelection">
    <keyboard-shortcut first-keystroke="shift alt k" />
  </action>
  <action id="EditorNextWord">
    <keyboard-shortcut first-keystroke="ctrl right" />
    <keyboard-shortcut first-keystroke="alt f" />
  </action>
  <action id="EditorNextWordWithSelection">
    <keyboard-shortcut first-keystroke="shift ctrl right" />
    <keyboard-shortcut first-keystroke="shift alt f" />
  </action>
  <action id="EditorPageDownWithSelection">
    <keyboard-shortcut first-keystroke="shift page_down" />
    <keyboard-shortcut first-keystroke="shift ctrl v" />
  </action>
  <action id="EditorPageUp">
    <keyboard-shortcut first-keystroke="page_up" />
    <keyboard-shortcut first-keystroke="alt v" />
  </action>
  <action id="EditorPageUpWithSelection">
    <keyboard-shortcut first-keystroke="shift page_up" />
    <keyboard-shortcut first-keystroke="shift alt v" />
  </action>
  <action id="EditorPreviousWord">
    <keyboard-shortcut first-keystroke="ctrl left" />
    <keyboard-shortcut first-keystroke="alt b" />
  </action>
  <action id="EditorPreviousWordWithSelection">
    <keyboard-shortcut first-keystroke="shift ctrl left" />
    <keyboard-shortcut first-keystroke="shift alt b" />
  </action>
  <action id="EditorRightWithSelection">
    <keyboard-shortcut first-keystroke="shift right" />
    <keyboard-shortcut first-keystroke="shift ctrl f" />
  </action>
  <action id="EditorScrollToCenter">
    <keyboard-shortcut first-keystroke="alt m" />
  </action>
  <action id="EditorSelectLine">
    <keyboard-shortcut first-keystroke="ctrl l" />
  </action>
  <action id="EditorSelectWord">
    <keyboard-shortcut first-keystroke="alt space" />
  </action>
  <action id="EditorTab">
    <keyboard-shortcut first-keystroke="shift ctrl tab" />
  </action>
  <action id="EditorToggleColumnMode">
    <keyboard-shortcut first-keystroke="shift ctrl l" />
    <keyboard-shortcut first-keystroke="ctrl x" second-keystroke="space" />
  </action>
  <action id="EditorUpWithSelection">
    <keyboard-shortcut first-keystroke="shift up" />
    <keyboard-shortcut first-keystroke="shift ctrl p" />
  </action>
  <action id="EmacsStyleIndent" />
  <action id="ExpandLiveTemplateByTab" />
  <action id="ExpressionTypeInfo" />
  <action id="ExternalJavaDoc" />
  <action id="FileChooser.GotoDesktop" />
  <action id="FileChooser.GotoModule" />
  <action id="FileChooser.GotoProject" />
  <action id="Find">
    <keyboard-shortcut first-keystroke="ctrl s" />
  </action>
  <action id="FindInPath">
    <keyboard-shortcut first-keystroke="shift ctrl g" />
  </action>
  <action id="FindNext">
    <keyboard-shortcut first-keystroke="ctrl s" />
  </action>
  <action id="FindPrevious">
    <keyboard-shortcut first-keystroke="alt s" />
  </action>
  <action id="Forward">
    <keyboard-shortcut first-keystroke="ctrl alt right" />
    <mouse-shortcut keystroke="button5" />
    <keyboard-shortcut first-keystroke="alt close_bracket" />
    <keyboard-shortcut first-keystroke="alt period" />
  </action>
  <action id="Github.Create.Pull.Request">
    <keyboard-shortcut first-keystroke="f4" />
  </action>
  <action id="GotoAction" />
  <action id="GotoBookmark2" />
  <action id="GotoBookmark3" />
  <action id="GotoBookmark4" />
  <action id="GotoBookmark5" />
  <action id="GotoDeclaration">
    <keyboard-shortcut first-keystroke="ctrl alt g" />
    <keyboard-shortcut first-keystroke="escape" second-keystroke="period" />
    <mouse-shortcut keystroke="control button1" />
  </action>
  <action id="GotoTest" />
  <action id="GotoTypeDeclaration">
    <mouse-shortcut keystroke="shift control button1" />
  </action>
  <action id="Images.ShowThumbnails" />
  <action id="Images.Thumbnails.EnterAction" />
  <action id="Images.Thumbnails.UpFolder" />
  <action id="JumpToLastChange">
    <keyboard-shortcut first-keystroke="ctrl comma" />
  </action>
  <action id="JumpToNextChange">
    <keyboard-shortcut first-keystroke="ctrl period" />
  </action>
  <action id="MoveLineDown">
    <keyboard-shortcut first-keystroke="shift alt down" />
    <keyboard-shortcut first-keystroke="alt n" />
  </action>
  <action id="MoveLineUp">
    <keyboard-shortcut first-keystroke="shift alt up" />
    <keyboard-shortcut first-keystroke="alt p" />
  </action>
  <action id="NewScratchFile">
    <keyboard-shortcut first-keystroke="ctrl x" second-keystroke="f" />
  </action>
  <action id="NextParameter" />
  <action id="NextTab">
    <keyboard-shortcut first-keystroke="alt right" />
    <keyboard-shortcut first-keystroke="ctrl x" second-keystroke="n" />
    <keyboard-shortcut first-keystroke="alt l" />
  </action>
  <action id="NextTemplateParameter" />
  <action id="NextTemplateVariable" />
  <action id="PrevParameter" />
  <action id="PreviousTab">
    <keyboard-shortcut first-keystroke="alt left" />
    <keyboard-shortcut first-keystroke="ctrl x" second-keystroke="p" />
    <keyboard-shortcut first-keystroke="alt h" />
  </action>
  <action id="PreviousTemplateVariable" />
  <action id="RecentChangedFiles" />
  <action id="ReformatCode">
    <keyboard-shortcut first-keystroke="shift f1" />
  </action>
  <action id="ReopenClosedTab">
    <keyboard-shortcut first-keystroke="shift ctrl t" />
  </action>
  <action id="Replace">
    <keyboard-shortcut first-keystroke="ctrl r" />
  </action>
  <action id="Resume">
    <keyboard-shortcut first-keystroke="f9" />
    <keyboard-shortcut first-keystroke="ctrl 2" />
  </action>
  <action id="Run">
    <keyboard-shortcut first-keystroke="ctrl 5" />
  </action>
  <action id="RunDashboard.ShowConfigurations" />
  <action id="ScrollTreeToCenter" />
  <action id="SelectNextOccurrence" />
  <action id="SendEOF" />
  <action id="ShowSettings" />
  <action id="Stop">
    <keyboard-shortcut first-keystroke="ctrl 4" />
  </action>
  <action id="TableResult.UnselectPreviousOccurrence" />
  <action id="UnselectPreviousOccurrence" />
  <action id="Vcs.EditSource" />
  <action id="Vcs.Log.FocusTextFilter" />
  <action id="WebDeployment.BrowseServers">
    <keyboard-shortcut first-keystroke="alt equals" />
  </action>
  <action id="XDebugger.JumpToSource" />
  <action id="com.jetbrains.python.console.RunPythonConsoleAction">
    <keyboard-shortcut first-keystroke="alt 5" />
  </action>
  <action id="tasks.open.in.browser" />
</keymap>